City_ID,City,Lat,Lng,Max Temp,Humidity,Cloudiness,Wind Speed,Country,Date
0,Gannavaram,16.5333,80.8,93.18,62,40,9.22,IN,2022-04-18 05:28:44
1,Salalah,17.0151,54.0924,86.09,74,40,1.14,OM,2022-04-18 05:28:45
2,Kodiak,57.79,-152.4072,38.71,75,100,9.22,US,2022-04-18 05:28:45
3,Tuktoyaktuk,69.4541,-133.0374,8.6,78,75,2.3,CA,2022-04-18 05:28:46
4,New Norfolk,-42.7826,147.0587,58.91,47,100,1.01,AU,2022-04-18 05:28:46
5,Cabo San Lucas,22.8909,-109.9124,74.52,65,99,6.35,MX,2022-04-18 05:28:46
6,Bredasdorp,-34.5322,20.0403,61.34,89,100,6.89,ZA,2022-04-18 05:28:47
7,Georgetown,5.4112,100.3354,89.55,70,20,10.36,MY,2022-04-18 05:26:00
8,Saskylakh,71.9167,114.0833,31.01,98,100,5.37,RU,2022-04-18 05:28:48
9,Souillac,-20.5167,57.5167,79.18,89,40,3.44,MU,2022-04-18 05:28:49
10,Hobart,-42.8794,147.3294,59.27,66,75,11.5,AU,2022-04-18 05:28:52
11,Eureka,40.8021,-124.1637,45.25,84,98,1.01,US,2022-04-18 05:28:52
12,Mataura,-46.1927,168.8643,61.48,66,53,2.66,NZ,2022-04-18 05:28:53
13,Ajdabiya,30.7554,20.2263,59.72,81,8,8.14,LY,2022-04-18 05:28:53
14,Sherghati,24.5667,84.7833,103.62,5,0,5.73,IN,2022-04-18 05:28:54
15,Banjar,-8.19,114.9675,86.18,74,100,3.74,ID,2022-04-18 05:28:55
16,Provideniya,64.3833,-173.3,32.36,86,100,18.01,RU,2022-04-18 05:28:56
17,Bluff,-46.6,168.3333,61.81,70,87,5.06,NZ,2022-04-18 05:28:56
18,Iqaluit,63.7506,-68.5145,-11.47,70,20,10.36,CA,2022-04-18 05:28:57
19,Wasilla,61.5814,-149.4394,40.98,41,75,11.5,US,2022-04-18 05:28:57
20,Upernavik,72.7868,-56.1549,-4.18,90,100,10.74,GL,2022-04-18 05:28:57
21,Harper,4.375,-7.7169,77.07,88,75,0.45,LR,2022-04-18 05:28:58
22,Guerrero Negro,27.9769,-114.0611,58.86,88,51,15.75,MX,2022-04-18 05:27:25
23,Nicoya,10.1483,-85.452,79.18,79,100,3.47,CR,2022-04-18 05:28:59
24,Butaritari,3.0707,172.7902,81.86,72,18,12.17,KI,2022-04-18 05:29:00
25,Marzuq,14.4,46.4667,82.02,24,1,2.19,YE,2022-04-18 05:29:02
26,Rikitea,-23.1203,-134.9692,78.4,63,7,8.75,PF,2022-04-18 05:29:05
27,Henties Bay,-22.116,14.2845,61.65,77,11,5.3,NA,2022-04-18 05:29:06
28,Micomeseng,2.1462,10.6164,70.29,99,100,0.54,GQ,2022-04-18 05:29:08
29,Kaitangata,-46.2817,169.8464,55.54,73,26,3.53,NZ,2022-04-18 05:29:09
30,Tual,-5.6667,132.75,84.06,72,98,5.97,ID,2022-04-18 05:29:09
31,Tiksi,71.6872,128.8694,10.31,92,96,3.47,RU,2022-04-18 05:29:09
32,Pevek,69.7008,170.3133,12.4,89,50,3.96,RU,2022-04-18 05:29:11
33,Atuona,-9.8,-139.0333,79.41,80,18,17.6,PF,2022-04-18 05:29:11
34,Shimoda,34.6667,138.95,64.76,81,100,8.84,JP,2022-04-18 05:29:12
35,Cidreira,-30.1811,-50.2056,66.13,75,78,9.69,BR,2022-04-18 05:29:13
36,Valpacos,41.6075,-7.3109,47.86,81,1,3.49,PT,2022-04-18 05:29:13
37,Bengkulu,-3.8004,102.2655,82.81,81,81,5.28,ID,2022-04-18 05:29:14
38,Khatanga,71.9667,102.5,11.97,88,97,16.58,RU,2022-04-18 05:29:15
39,Busselton,-33.65,115.3333,66.34,58,96,5.84,AU,2022-04-18 05:29:17
40,Cherskiy,68.75,161.3,16.9,87,100,5.21,RU,2022-04-18 05:29:17
41,Lebu,-37.6167,-73.65,51.55,89,23,5.68,CL,2022-04-18 05:29:18
42,Manggar,-2.8833,108.2667,86.23,66,31,6.17,ID,2022-04-18 05:29:20
43,Punta Arenas,-53.15,-70.9167,41.11,87,75,6.91,CL,2022-04-18 05:29:20
44,Muros,42.7762,-9.0603,55.83,85,84,13.53,ES,2022-04-18 05:29:21
45,Albany,42.6001,-73.9662,36.45,63,3,5.28,US,2022-04-18 05:30:21
46,Luderitz,-26.6481,15.1594,69.89,51,0,7.43,NA,2022-04-18 05:30:22
47,Ushuaia,-54.8,-68.3,44.26,70,20,14.97,AR,2022-04-18 05:30:23
48,Nioki,-2.7167,17.6833,74.8,94,100,2.93,CD,2022-04-18 05:30:23
49,Torbay,47.6666,-52.7314,45.75,87,40,21.85,CA,2022-04-18 05:30:25
50,Bilma,18.6853,12.9164,77.52,20,34,12.8,NE,2022-04-18 05:30:26
51,Yellowknife,62.456,-114.3525,10.92,61,20,5.75,CA,2022-04-18 05:30:27
52,Tasiilaq,65.6145,-37.6368,30.02,95,100,8.28,GL,2022-04-18 05:30:29
53,Port Elizabeth,-33.918,25.5701,62.31,99,20,5.75,ZA,2022-04-18 05:30:29
54,Ambovombe,-25.1667,46.0833,78.84,67,99,2.8,MG,2022-04-18 05:30:30
55,Hermanus,-34.4187,19.2345,61.59,86,86,11.97,ZA,2022-04-18 05:30:30
56,Pokhara,28.2333,83.9833,92.68,12,3,8.88,NP,2022-04-18 05:30:31
57,Cape Town,-33.9258,18.4232,59.41,81,0,17.27,ZA,2022-04-18 05:29:23
58,Avarua,-21.2078,-159.775,78.85,73,62,4.61,CK,2022-04-18 05:30:31
59,Ponta Do Sol,32.6667,-17.1,63.23,68,40,14.12,PT,2022-04-18 05:30:32
60,Port Macquarie,-31.4333,152.9167,76.89,62,13,7.72,AU,2022-04-18 05:26:29
61,Barrow,71.2906,-156.7887,5.02,78,0,11.5,US,2022-04-18 05:30:02
62,Dikson,73.5069,80.5464,10.63,91,100,6.73,RU,2022-04-18 05:30:34
63,Hithadhoo,-0.6,73.0833,83.86,72,25,7.61,MV,2022-04-18 05:30:34
64,Saint-Philippe,-21.3585,55.7679,81.99,84,28,12.73,RE,2022-04-18 05:30:35
65,Kibre Mengist,5.8833,38.9833,66.13,79,100,2.24,ET,2022-04-18 05:30:36
66,Najran,17.4924,44.1277,77.65,14,1,7.65,SA,2022-04-18 05:30:36
67,Bathsheba,13.2167,-59.5167,79.41,78,20,17.27,BB,2022-04-18 05:30:37
68,Padang,-0.9492,100.3543,80.65,73,99,3.4,ID,2022-04-18 05:27:41
69,Ribeira Grande,38.5167,-28.7,57.7,66,36,18.59,PT,2022-04-18 05:30:37
70,Plettenberg Bay,-34.0527,23.3716,62.01,75,100,2.95,ZA,2022-04-18 05:30:38
71,Ust-Kuyga,70.0167,135.6,26.73,73,7,7.7,RU,2022-04-18 05:30:39
72,Kavieng,-2.5744,150.7967,85.28,65,35,12.1,PG,2022-04-18 05:30:40
73,Katsuura,35.1333,140.3,62.62,75,100,12.19,JP,2022-04-18 05:30:42
74,Ixtapa,20.7,-105.2,73.22,56,50,2.73,MX,2022-04-18 05:30:43
75,Vaini,-21.2,-175.2,82.56,83,75,3.44,TO,2022-04-18 05:30:44
76,Touba,8.2833,-7.6833,72.27,87,100,2.84,CI,2022-04-18 05:30:44
77,Longyearbyen,78.2186,15.6401,21.04,86,75,6.91,SJ,2022-04-18 05:30:46
78,Stutterheim,-32.5708,27.424,55.62,82,39,3.42,ZA,2022-04-18 05:30:46
79,Castro,-24.7911,-50.0119,49.46,99,33,4.74,BR,2022-04-18 05:30:47
80,Maxixe,-23.8597,35.3472,73.15,90,86,2.89,MZ,2022-04-18 05:30:48
81,Nuuk,64.1835,-51.7216,23.61,80,100,6.91,GL,2022-04-18 05:30:48
82,Mar Del Plata,-38.0023,-57.5575,60.1,93,0,11.01,AR,2022-04-18 05:30:49
83,Hilo,19.7297,-155.09,73.27,92,75,4.61,US,2022-04-18 05:30:49
84,Brigantine,39.4101,-74.3646,44.02,62,0,3.44,US,2022-04-18 05:30:50
85,Garowe,8.4054,48.4845,86.72,46,48,5.06,SO,2022-04-18 05:30:51
86,Tahe,52.3333,124.7333,37.62,93,100,3.33,CN,2022-04-18 05:30:52
87,Hirara,24.8,125.2833,76.86,64,40,11.5,JP,2022-04-18 05:30:53
88,San Patricio,28.017,-97.5169,76.87,93,37,4.68,US,2022-04-18 05:30:53
89,Clifton,40.8584,-74.1638,44.02,56,0,4.61,US,2022-04-18 05:31:54
90,Puteyets,65.1716,57.091,33.48,95,99,8.86,RU,2022-04-18 05:31:55
91,Pechenga,69.5259,31.1703,37.69,99,100,7.56,RU,2022-04-18 05:31:56
92,Acri,39.4929,16.3838,40.62,94,100,13.8,IT,2022-04-18 05:31:56
93,Weligama,5.9667,80.4167,87.93,62,100,9.24,LK,2022-04-18 05:31:57
94,Olinda,-8.0089,-34.8553,82.13,74,40,4.61,BR,2022-04-18 05:31:59
95,Ancud,-41.8697,-73.8203,54.23,94,95,5.32,CL,2022-04-18 05:31:52
96,Bethel,41.3712,-73.414,39.56,67,0,3.44,US,2022-04-18 05:32:00
97,Narsaq,60.9167,-46.05,32.22,89,36,2.26,GL,2022-04-18 05:32:01
98,Abu Zabad,12.35,29.25,91.06,27,12,3.83,SD,2022-04-18 05:32:01
99,Kruisfontein,-34.0033,24.7314,59.88,86,100,0.65,ZA,2022-04-18 05:32:02
100,Port Alfred,-33.5906,26.891,63.18,97,79,3.0,ZA,2022-04-18 05:32:02
101,Rockland,41.1668,-74.0496,40.46,65,0,2.57,US,2022-04-18 05:32:03
102,Tahoua,14.8888,5.2692,78.04,13,99,6.98,NE,2022-04-18 05:32:03
103,Bayanday,53.0661,105.5139,63.09,40,79,10.49,RU,2022-04-18 05:32:04
104,Honningsvag,70.9821,25.9704,44.35,76,100,10.36,NO,2022-04-18 05:32:04
105,Pingdu,36.7844,119.9464,69.71,24,99,2.71,CN,2022-04-18 05:32:06
106,Christchurch,-43.5333,172.6333,61.95,68,3,19.57,NZ,2022-04-18 05:27:51
107,Faanui,-16.4833,-151.75,81.18,74,13,10.2,PF,2022-04-18 05:32:08
108,Saldanha,-33.0117,17.9442,53.65,72,66,8.7,ZA,2022-04-18 05:32:09
109,Itarema,-2.9248,-39.9167,76.51,89,77,4.34,BR,2022-04-18 05:32:13
110,Medea,36.2642,2.7539,50.27,61,48,2.77,DZ,2022-04-18 05:32:14
111,Mandalgovi,45.7625,106.2708,56.59,18,0,19.19,MN,2022-04-18 05:32:15
112,Carbonia,39.1672,8.5222,45.55,43,33,6.24,IT,2022-04-18 05:32:16
113,Markova,48.6758,24.4138,33.73,76,91,4.34,UA,2022-04-18 05:32:17
114,Carnarvon,-24.8667,113.6333,75.27,69,94,10.36,AU,2022-04-18 05:32:18
115,Pisco,-13.7,-76.2167,63.01,82,0,10.36,PE,2022-04-18 05:32:20
116,Kapaa,22.0752,-159.319,76.98,80,40,21.85,US,2022-04-18 05:32:20
117,Orbetello,42.4408,11.2196,46.42,65,15,2.3,IT,2022-04-18 05:32:21
118,Qaanaaq,77.484,-69.3632,-20.87,65,0,7.11,GL,2022-04-18 05:32:21
119,Luanda,-8.8368,13.2343,77.0,94,75,6.91,AO,2022-04-18 05:27:46
120,Russkaya Polyana,49.417,31.9201,36.46,75,100,9.31,UA,2022-04-18 05:32:23
121,Toucheng,24.8592,121.8233,77.45,89,69,8.75,TW,2022-04-18 05:32:23
122,Pedasi,7.5333,-80.0333,78.28,81,93,3.29,PA,2022-04-18 05:32:24
123,Mangai,-4.05,19.5333,74.82,85,74,1.61,CD,2022-04-18 05:32:24
124,Camalu,30.85,-116.0667,58.24,90,4,8.08,MX,2022-04-18 05:32:24
125,Mabaruma,8.2,-59.7833,71.29,96,38,2.71,GY,2022-04-18 05:32:26
126,Juneau,58.3019,-134.4197,40.21,72,100,0.0,US,2022-04-18 05:32:26
127,Teya,60.3778,92.6267,29.21,64,100,11.77,RU,2022-04-18 05:32:27
128,Talnakh,69.4865,88.3972,9.21,88,100,6.53,RU,2022-04-18 05:32:27
129,Khash,28.2211,61.2158,78.94,19,0,17.78,IR,2022-04-18 05:32:28
130,Codrington,-38.2667,141.9667,58.8,73,100,10.07,AU,2022-04-18 05:32:28
131,Jackson,42.4165,-122.8345,50.04,65,100,1.01,US,2022-04-18 05:29:07
132,Puerto Ayora,-0.7393,-90.3518,74.32,94,99,5.7,EC,2022-04-18 05:32:29
133,Coronel Fabriciano,-19.5186,-42.6289,68.04,94,100,3.44,BR,2022-04-18 05:29:06
134,Sirur,18.8333,74.3833,97.11,14,2,10.94,IN,2022-04-18 05:32:30
135,Saint-Marc,19.1082,-72.6938,76.14,71,85,7.31,HT,2022-04-18 05:32:30
136,Lubbock,33.6001,-101.8338,57.45,28,0,9.22,US,2022-04-18 05:33:30
137,Port Keats,-14.25,129.55,88.25,60,16,9.66,AU,2022-04-18 05:33:33
138,Tabou,4.423,-7.3528,76.35,90,89,2.26,CI,2022-04-18 05:33:33
139,Pasighat,28.0667,95.3333,77.7,59,82,4.18,IN,2022-04-18 05:33:34
140,Caravelas,-17.7125,-39.2481,75.9,70,82,9.71,BR,2022-04-18 05:33:34
141,Kapoeta,4.7717,33.5903,83.1,56,99,14.14,SS,2022-04-18 05:33:34
142,Malkara,40.89,26.9011,34.0,100,100,18.23,TR,2022-04-18 05:33:35
143,Tet,47.5192,17.508,33.75,93,0,2.3,HU,2022-04-18 05:33:36
144,Kavaratti,10.5669,72.642,84.09,69,82,2.24,IN,2022-04-18 05:33:36
145,Jamestown,42.097,-79.2353,32.18,60,0,6.91,US,2022-04-18 05:30:16
146,Chokurdakh,70.6333,147.9167,14.11,91,51,5.37,RU,2022-04-18 05:33:37
147,Ilulissat,69.2167,-51.1,10.42,72,97,4.61,GL,2022-04-18 05:33:38
148,El Alto,-4.2714,-81.2147,68.38,73,67,13.47,PE,2022-04-18 05:33:38
149,Nanortalik,60.1432,-45.2371,28.33,87,31,9.17,GL,2022-04-18 05:33:39
150,Riohacha,11.5444,-72.9072,78.55,81,100,3.58,CO,2022-04-18 05:33:39
151,Shanghai,31.2222,121.4581,67.86,32,0,6.71,CN,2022-04-18 05:29:28
152,Sol-Iletsk,51.1631,54.9918,58.35,43,77,5.68,RU,2022-04-18 05:33:40
153,Constitucion,-35.3333,-72.4167,50.9,89,44,4.25,CL,2022-04-18 05:33:41
154,Robe,-37.1833,139.75,60.15,75,100,11.1,AU,2022-04-18 05:33:41
155,Sao Filipe,14.8961,-24.4956,70.48,78,22,2.42,CV,2022-04-18 05:33:43
156,Belem De Sao Francisco,-8.7539,-38.9658,73.2,87,89,10.58,BR,2022-04-18 05:33:43
157,Krasnoslobodsk,48.7072,44.5714,53.42,76,0,8.95,RU,2022-04-18 05:33:43
158,Meulaboh,4.1363,96.1285,85.84,68,100,6.46,ID,2022-04-18 05:33:45
159,Black Forest,39.0131,-104.7008,42.24,52,0,9.22,US,2022-04-18 05:33:45
160,Makakilo City,21.3469,-158.0858,73.72,77,100,13.8,US,2022-04-18 05:33:47
161,Russell,32.3502,-85.1999,65.48,97,100,0.0,US,2022-04-18 05:33:49
162,Glazov,58.1394,52.6584,35.24,74,100,8.97,RU,2022-04-18 05:33:50
163,Petrokamenskoye,57.716,60.6484,38.86,72,72,6.91,RU,2022-04-18 05:33:50
164,Traverse City,44.7631,-85.6206,35.67,68,0,3.44,US,2022-04-18 05:33:48
165,Hondo,32.45,130.2,64.98,54,100,8.21,JP,2022-04-18 05:33:51
166,Chuy,-33.6971,-53.4616,60.64,86,100,5.5,UY,2022-04-18 05:33:52
167,Laguna,38.421,-121.4238,57.34,63,0,9.22,US,2022-04-18 05:33:55
168,Corvallis,44.5646,-123.262,49.68,78,100,4.61,US,2022-04-18 05:30:28
169,Nikolskoye,59.7035,30.7861,43.88,61,99,3.2,RU,2022-04-18 05:33:56
170,Praia Da Vitoria,38.7333,-27.0667,57.45,72,40,14.83,PT,2022-04-18 05:33:56
171,Sur,22.5667,59.5289,89.17,52,0,11.23,OM,2022-04-18 05:33:57
172,Sawtell,-30.3833,153.1,76.19,57,15,9.22,AU,2022-04-18 05:33:57
173,Oxelosund,58.6706,17.1015,47.88,81,0,0.0,SE,2022-04-18 05:33:58
174,Hendek,40.7994,30.7481,49.1,96,100,3.29,TR,2022-04-18 05:34:00
175,Saint-Augustin,51.226,-58.6502,31.77,99,100,8.9,CA,2022-04-18 05:34:00
176,Kaseda,31.4167,130.3167,65.14,56,98,10.02,JP,2022-04-18 05:34:04
177,Namibe,-15.1961,12.1522,74.1,73,35,0.72,AO,2022-04-18 05:34:04
178,Marsh Harbour,26.5412,-77.0636,75.67,82,62,10.98,BS,2022-04-18 05:34:05
179,Akyab,20.15,92.9,87.82,63,29,11.9,MM,2022-04-18 05:34:05
180,Lavrentiya,65.5833,-171.0,31.15,95,100,13.62,RU,2022-04-18 05:35:06
181,Port Hardy,50.6996,-127.4199,48.38,46,100,14.97,CA,2022-04-18 05:35:06
182,Crixas,-14.5489,-49.9692,74.35,78,96,2.75,BR,2022-04-18 05:35:08
183,Hachinohe,40.5,141.5,57.85,48,100,3.18,JP,2022-04-18 05:35:09
184,Akureyri,65.6835,-18.0878,39.13,93,100,6.91,IS,2022-04-18 05:35:10
185,Dunedin,-45.8742,170.5036,57.79,72,18,11.01,NZ,2022-04-18 05:30:39
186,Pidhorodna,48.107,30.8895,37.51,69,100,14.29,UA,2022-04-18 05:35:11
187,Norman Wells,65.282,-126.8329,19.44,30,20,4.61,CA,2022-04-18 05:35:12
188,Fortuna,40.5982,-124.1573,45.93,86,0,6.91,US,2022-04-18 05:35:14
189,Bambous Virieux,-20.3428,57.7575,82.22,89,40,3.44,MU,2022-04-18 05:35:15
190,Les Cayes,18.2,-73.75,74.16,86,92,11.5,HT,2022-04-18 05:35:15
191,El Dovio,4.5079,-76.2362,62.31,98,100,1.81,CO,2022-04-18 05:35:16
192,Fairbanks,64.8378,-147.7164,35.94,36,0,3.44,US,2022-04-18 05:35:17
193,Kieta,-6.2167,155.6333,81.52,79,82,3.33,PG,2022-04-18 05:35:18
194,Salinopolis,-0.6136,-47.3561,76.23,89,100,3.98,BR,2022-04-18 05:35:19
195,Naze,28.3667,129.4833,68.92,60,63,5.91,JP,2022-04-18 05:35:21
196,Xuddur,4.1213,43.8894,73.4,85,100,7.05,SO,2022-04-18 05:35:23
197,Victoria,22.2855,114.1577,77.18,79,95,11.99,HK,2022-04-18 05:31:39
198,Puerto Del Rosario,28.5004,-13.8627,67.75,73,0,8.05,ES,2022-04-18 05:35:24
199,Kalmunai,7.4167,81.8167,87.08,65,60,3.98,LK,2022-04-18 05:35:27
200,Paamiut,61.994,-49.6678,24.22,92,97,5.06,GL,2022-04-18 05:35:28
201,Sao Jose Da Coroa Grande,-8.8978,-35.1478,78.15,81,90,6.87,BR,2022-04-18 05:35:29
202,Porto Novo,6.4965,2.6036,75.02,88,100,4.79,BJ,2022-04-18 05:35:30
203,Hervey Bay,-25.2986,152.8535,74.97,61,47,13.51,AU,2022-04-18 05:35:30
204,Zhigansk,66.7697,123.3711,30.16,96,100,27.96,RU,2022-04-18 05:35:32
205,Niimi,34.9833,133.4667,73.4,32,100,7.29,JP,2022-04-18 05:35:33
206,Sabzevar,36.2126,57.6819,51.08,76,75,4.61,IR,2022-04-18 05:35:34
207,Vardo,70.3705,31.1107,40.05,90,100,12.48,NO,2022-04-18 05:35:34
208,La Ronge,55.1001,-105.2842,25.05,74,20,2.3,CA,2022-04-18 05:35:35
209,Selma,36.5708,-119.6121,66.25,45,72,4.63,US,2022-04-18 05:35:35
210,Saquena,-4.6667,-73.5167,72.55,99,98,1.83,PE,2022-04-18 05:35:36
211,Clyde River,70.4692,-68.5914,-16.37,83,100,5.75,CA,2022-04-18 05:35:37
212,Port Lincoln,-34.7333,135.8667,62.89,61,88,9.69,AU,2022-04-18 05:35:37
213,Thompson,55.7435,-97.8558,14.16,67,40,2.3,CA,2022-04-18 05:35:39
214,Ust-Ilimsk,58.0006,102.6619,45.97,66,96,15.79,RU,2022-04-18 05:35:41
215,Synya,65.3718,58.0387,32.74,95,100,8.7,RU,2022-04-18 05:35:43
216,Aklavik,68.2191,-135.0107,2.79,95,84,6.89,CA,2022-04-18 05:35:44
217,Cayenne,4.9333,-52.3333,81.09,1,75,3.0,GF,2022-04-18 05:35:45
218,Bilibino,68.0546,166.4372,25.66,84,98,0.54,RU,2022-04-18 05:35:47
219,Bowen,-20.0167,148.2333,79.88,61,4,19.28,AU,2022-04-18 05:35:47
220,Arraial Do Cabo,-22.9661,-42.0278,72.32,67,34,6.02,BR,2022-04-18 05:35:47
221,Kaeo,-35.1,173.7833,69.33,98,100,9.51,NZ,2022-04-18 05:35:48
222,Portland,45.5234,-122.6762,53.58,59,100,13.8,US,2022-04-18 05:32:37
223,Izhma,65.0083,53.9113,35.22,98,99,5.95,RU,2022-04-18 05:35:49
224,Orlik,52.5178,99.825,52.05,36,99,10.29,RU,2022-04-18 05:35:50
225,Tenenkou,14.4572,-4.9169,75.96,16,85,11.03,ML,2022-04-18 05:35:50
226,Namatanai,-3.6667,152.4333,84.94,66,78,10.63,PG,2022-04-18 05:35:52
227,Montevideo,-34.8335,-56.1674,60.82,82,0,6.91,UY,2022-04-18 05:36:52
228,Cam Ranh,11.9214,109.1591,87.76,58,0,12.66,VN,2022-04-18 05:36:54
229,Mitsamiouli,-11.3847,43.2844,86.29,62,20,5.75,KM,2022-04-18 05:36:54
230,Roald,62.5833,6.1333,47.34,93,0,0.0,NO,2022-04-18 05:36:55
231,Leningradskiy,69.3833,178.4167,25.86,94,91,11.48,RU,2022-04-18 05:36:56
232,Ishigaki,24.3448,124.1572,77.13,69,75,8.05,JP,2022-04-18 05:36:58
233,Isla Mujeres,21.2311,-86.731,71.65,80,1,8.75,MX,2022-04-18 05:36:58
234,Kuito,-12.3833,16.9333,59.88,97,96,4.43,AO,2022-04-18 05:36:59
235,Shyroke,47.6917,33.2571,38.41,91,100,13.76,UA,2022-04-18 05:35:43
236,Moose Factory,51.2585,-80.6094,10.4,92,0,3.44,CA,2022-04-18 05:37:00
237,Swift Current,50.2834,-107.8014,29.21,86,100,5.75,CA,2022-04-18 05:37:00
238,Abeche,13.8292,20.8324,89.8,33,63,1.99,TD,2022-04-18 05:37:01
239,Havre-Saint-Pierre,50.2334,-63.5986,35.6,80,100,14.97,CA,2022-04-18 05:37:02
240,Buin,-33.7333,-70.75,59.74,66,1,1.74,CL,2022-04-18 05:37:02
241,Sovetskaya Gavan,48.9723,140.2878,32.07,81,94,4.97,RU,2022-04-18 05:37:03
242,Ilo,-17.6394,-71.3375,64.42,81,60,7.72,PE,2022-04-18 05:37:04
243,Korla,41.7597,86.1469,68.45,9,0,6.85,CN,2022-04-18 05:37:04
244,Namie,37.4833,141.0,62.98,71,97,13.24,JP,2022-04-18 05:37:05
245,Palmares Do Sul,-30.2578,-50.5097,62.29,83,58,7.29,BR,2022-04-18 05:37:06
246,Westport,41.1415,-73.3579,41.76,64,0,1.01,US,2022-04-18 05:37:07
247,The Pas,53.8251,-101.2541,24.82,54,40,3.44,CA,2022-04-18 05:37:07
248,Yulara,-25.2406,130.9889,82.24,26,11,12.66,AU,2022-04-18 05:37:08
249,Los Llanos De Aridane,28.6585,-17.9182,69.55,46,0,9.22,ES,2022-04-18 05:37:09
250,Hualmay,-11.0964,-77.6139,65.12,89,13,7.54,PE,2022-04-18 05:37:10
251,Rio Branco,-9.9747,-67.81,75.81,94,0,2.3,BR,2022-04-18 05:37:11
252,Pacific Grove,36.6177,-121.9166,49.51,84,0,5.99,US,2022-04-18 05:37:12
253,Anamur,36.0751,32.8369,72.63,40,95,11.03,TR,2022-04-18 05:34:13
254,Airai,-8.9266,125.4092,70.11,81,100,1.92,TL,2022-04-18 05:37:14
255,Oksbol,55.6268,8.2876,39.31,75,0,9.66,DK,2022-04-18 05:37:15
256,Qiongshan,20.0058,110.3542,69.78,100,75,4.47,CN,2022-04-18 05:37:16
257,Piacabucu,-10.4056,-36.4344,77.34,83,88,7.34,BR,2022-04-18 05:37:17
258,Anadyr,64.75,177.4833,32.5,93,75,15.66,RU,2022-04-18 05:37:18
259,Sitka,57.0531,-135.33,42.69,56,75,4.61,US,2022-04-18 05:37:18
260,Rio Tuba,8.5061,117.4317,85.08,70,91,11.95,PH,2022-04-18 05:37:19
261,Ulaangom,49.9811,92.0667,59.86,17,99,4.81,MN,2022-04-18 05:37:20
262,Rongcheng,30.634,117.8517,67.62,53,88,4.56,CN,2022-04-18 05:37:21
263,Jeremie,18.65,-74.1167,75.87,81,70,6.24,HT,2022-04-18 05:37:22
264,Mahebourg,-20.4081,57.7,82.26,89,40,3.44,MU,2022-04-18 05:37:24
265,Lincoln,40.8,-96.667,34.86,88,0,4.61,US,2022-04-18 05:34:06
266,Zaigrayevo,51.8336,108.2703,68.34,25,37,9.08,RU,2022-04-18 05:37:27
267,Calabozo,8.9242,-67.4293,77.85,75,100,1.32,VE,2022-04-18 05:37:28
268,Saint-Georges,12.0564,-61.7485,78.42,81,100,13.44,GD,2022-04-18 05:37:28
269,Mount Gambier,-37.8333,140.7667,60.71,72,100,10.36,AU,2022-04-18 05:37:29
270,Tura,25.5198,90.2201,84.97,57,38,6.06,IN,2022-04-18 05:37:30
271,Broome,42.2506,-75.833,33.53,66,0,6.91,US,2022-04-18 05:37:30
272,Manjacaze,-24.7117,33.8828,68.59,96,100,7.78,MZ,2022-04-18 05:37:31
273,Kozyatyn,49.7143,28.8339,34.77,71,24,11.5,UA,2022-04-18 05:38:38
274,Flinders,-34.5833,150.8552,81.68,62,100,7.9,AU,2022-04-18 05:38:38
275,Quang Ngai,15.1167,108.8,84.07,67,79,8.1,VN,2022-04-18 05:38:39
276,Nelson Bay,-32.7167,152.15,78.85,69,69,13.18,AU,2022-04-18 05:38:41
277,Geraldton,-28.7667,114.6,77.41,36,0,10.36,AU,2022-04-18 05:38:43
278,Merauke,-8.4667,140.3333,84.24,72,98,6.22,ID,2022-04-18 05:38:43
279,Sorland,67.667,12.6934,42.66,96,100,16.89,NO,2022-04-18 05:38:44
280,Champerico,14.3,-91.9167,83.03,71,87,7.31,GT,2022-04-18 05:38:45
281,Botwood,49.1499,-55.3482,35.91,83,70,12.88,CA,2022-04-18 05:38:46
282,Tuatapere,-46.1333,167.6833,54.54,81,91,1.07,NZ,2022-04-18 05:38:46
283,Trincomalee,8.5711,81.2335,88.83,64,92,4.52,LK,2022-04-18 05:38:47
284,Icod De Los Vinos,28.3724,-16.7119,72.61,46,1,12.66,ES,2022-04-18 05:38:50
285,Ewa Beach,21.3156,-158.0072,75.15,76,100,13.8,US,2022-04-18 05:35:23
286,Sambava,-14.2667,50.1667,80.78,69,100,9.31,MG,2022-04-18 05:38:51
287,Surt,31.2089,16.5887,61.59,67,16,13.42,LY,2022-04-18 05:38:52
288,Alice Springs,-23.7,133.8833,85.55,26,3,13.8,AU,2022-04-18 05:38:54
289,Shuyskoye,59.3736,41.0305,40.64,66,84,3.74,RU,2022-04-18 05:38:56
290,Fossombrone,43.6908,12.8127,48.49,66,3,9.46,IT,2022-04-18 05:38:56
291,Zomin,39.9606,68.3958,72.7,39,99,8.12,UZ,2022-04-18 05:38:58
292,Shetpe,44.1667,52.1167,67.3,29,52,8.75,KZ,2022-04-18 05:38:59
293,Hastings,50.8552,0.5729,49.24,76,11,4.92,GB,2022-04-18 05:37:11
294,Ustka,54.5805,16.8619,40.08,57,66,4.74,PL,2022-04-18 05:38:59
295,Tucurui,-3.7661,-49.6725,73.15,98,100,2.44,BR,2022-04-18 05:39:00
296,Agirish,61.9247,63.0231,37.18,64,54,10.6,RU,2022-04-18 05:39:01
297,Broken Hill,-31.95,141.4333,73.11,49,100,19.57,AU,2022-04-18 05:39:02
298,Shu,43.5983,73.7614,79.52,28,65,5.23,KZ,2022-04-18 05:39:02
299,Margate,51.3813,1.3862,46.69,64,23,1.01,GB,2022-04-18 05:39:03
300,Veraval,20.9,70.3667,87.67,49,0,8.23,IN,2022-04-18 05:39:03
301,Sisimiut,66.9395,-53.6735,16.95,90,100,8.03,GL,2022-04-18 05:39:05
302,Hofn,64.2539,-15.2082,42.89,78,69,13.35,IS,2022-04-18 05:39:06
303,Lowestoft,52.4752,1.7516,44.94,90,30,5.55,GB,2022-04-18 05:39:08
304,Mangrol,21.1167,70.1167,87.37,49,0,8.39,IN,2022-04-18 05:39:09
305,Atbasar,51.8,68.3333,54.46,46,100,13.69,KZ,2022-04-18 05:39:09
306,Klaksvik,62.2266,-6.589,45.52,95,100,25.01,FO,2022-04-18 05:39:10
307,Severo-Kurilsk,50.6789,156.125,32.14,81,80,7.87,RU,2022-04-18 05:39:11
308,The Valley,18.217,-63.0578,78.66,76,95,23.09,AI,2022-04-18 05:39:11
309,San Cristobal,7.7669,-72.225,68.18,98,99,2.48,VE,2022-04-18 05:34:35
310,Coihaique,-45.5752,-72.0662,50.61,81,20,6.91,CL,2022-04-18 05:39:13
311,Ahipara,-35.1667,173.1667,68.61,90,99,8.25,NZ,2022-04-18 05:39:13
312,Riberalta,-10.9833,-66.1,68.38,92,68,3.04,BO,2022-04-18 05:39:14
313,Sao Felix Do Xingu,-6.6447,-51.995,71.53,99,100,0.34,BR,2022-04-18 05:39:15
314,Yining,29.0361,114.5636,68.34,55,99,1.59,CN,2022-04-18 05:39:15
315,Beyneu,45.3167,55.2,69.85,26,1,4.05,KZ,2022-04-18 05:39:16
316,Pangnirtung,66.1451,-65.7125,-9.62,100,100,3.85,CA,2022-04-18 05:39:16
317,Sujiatun,41.6592,123.3392,66.38,18,0,8.95,CN,2022-04-18 05:39:17
318,Okhotsk,59.3833,143.3,28.06,83,83,3.36,RU,2022-04-18 05:39:18
319,Limbang,4.75,115.0,91.51,54,80,6.89,MY,2022-04-18 05:39:20
320,Cap Malheureux,-19.9842,57.6142,82.47,85,13,5.01,MU,2022-04-18 05:40:21
321,Nouadhibou,20.931,-17.0347,64.38,94,100,5.75,MR,2022-04-18 05:40:22
322,Vestmannaeyjar,63.4427,-20.2734,41.05,75,70,12.33,IS,2022-04-18 05:40:22
323,Ikom,5.9667,8.7063,76.55,95,100,0.58,NG,2022-04-18 05:40:23
324,Odweyne,9.4092,45.064,82.47,42,24,10.47,SO,2022-04-18 05:40:23
325,Nouakchott,18.0858,-15.9785,64.33,86,13,15.03,MR,2022-04-18 05:40:24
326,Esperance,-33.8667,121.9,66.04,60,45,10.56,AU,2022-04-18 05:40:28
327,Husi,46.6736,28.0594,39.92,59,99,14.7,RO,2022-04-18 05:40:29
328,Gat,31.61,34.7642,92.79,13,59,13.56,IL,2022-04-18 05:36:03
329,Moranbah,-22.0016,148.0466,85.57,33,0,16.22,AU,2022-04-18 05:40:31
330,Touros,-5.1989,-35.4608,76.71,90,100,6.17,BR,2022-04-18 05:37:35
331,Garden City,42.3256,-83.331,35.82,69,75,11.5,US,2022-04-18 05:40:18
332,Mozaceni,44.5667,25.1667,45.32,70,100,5.3,RO,2022-04-18 05:40:33
333,Peskovka,59.0448,52.3606,38.26,53,66,4.63,RU,2022-04-18 05:40:33
334,Fomboni,-12.28,43.7425,83.21,73,10,10.22,KM,2022-04-18 05:40:35
335,Requena,39.4883,-1.1004,46.53,67,99,2.24,ES,2022-04-18 05:40:35
336,Nhulunbuy,-12.2333,136.7667,79.41,94,40,9.22,AU,2022-04-18 05:40:36
337,Kloulklubed,7.0419,134.2556,84.7,71,100,3.42,PW,2022-04-18 05:40:37
338,Nizhnyaya Maktama,54.8636,52.4281,47.14,91,98,5.03,RU,2022-04-18 05:40:38
339,Sinnamary,5.3833,-52.95,77.07,86,84,8.37,GF,2022-04-18 05:40:39
340,Bocas Del Toro,9.3333,-82.25,78.62,82,100,6.15,PA,2022-04-18 05:40:41
341,Bezhanitsy,56.9767,29.8907,39.04,67,97,5.44,RU,2022-04-18 05:40:42
342,Loiza,18.4313,-65.8802,78.08,86,20,11.5,PR,2022-04-18 05:40:44
343,General Salgado,-20.6483,-50.3606,56.8,86,0,7.0,BR,2022-04-18 05:40:45
344,Maglaj,44.5492,18.0967,39.78,62,3,3.2,BA,2022-04-18 05:40:45
345,Grindavik,63.8424,-22.4338,40.95,75,40,5.75,IS,2022-04-18 05:40:46
346,Tias,28.9611,-13.645,67.68,64,100,12.66,ES,2022-04-18 05:40:47
347,Adrar,20.5022,-10.0711,71.1,18,87,11.9,MR,2022-04-18 05:40:47
348,Zyryanka,65.75,150.85,27.81,80,100,10.27,RU,2022-04-18 05:40:48
349,East London,-33.0153,27.9116,61.74,88,0,6.91,ZA,2022-04-18 05:40:49
350,Malanville,11.8685,3.3899,83.57,14,88,4.41,BJ,2022-04-18 05:40:49
351,Vila Franca Do Campo,37.7167,-25.4333,57.61,74,55,10.85,PT,2022-04-18 05:40:50
352,Velika Obarska,44.8053,19.1642,40.89,61,26,6.69,BA,2022-04-18 05:40:50
353,Arak,34.0917,49.6892,50.76,46,0,0.0,IR,2022-04-18 05:40:51
354,Wanning,18.8003,110.3967,81.97,70,32,8.28,CN,2022-04-18 05:40:52
355,Soderhamn,61.3037,17.0592,47.66,69,65,1.72,SE,2022-04-18 05:40:52
356,Srednekolymsk,67.45,153.6833,26.26,80,100,6.04,RU,2022-04-18 05:40:53
357,Avera,33.194,-82.5271,66.25,97,100,2.68,US,2022-04-18 05:40:55
358,Grand Gaube,-20.0064,57.6608,82.38,85,13,5.01,MU,2022-04-18 05:40:55
359,Maragogi,-9.0122,-35.2225,77.63,82,87,6.58,BR,2022-04-18 05:40:57
360,Lamar,33.6668,-95.5836,54.64,94,0,6.91,US,2022-04-18 05:40:58
361,Brandon,27.9378,-82.2859,75.52,82,40,4.61,US,2022-04-18 05:38:44
362,Sabang,5.8933,95.3214,83.7,69,72,8.25,ID,2022-04-18 05:40:59
363,Ola,59.5833,151.2833,34.14,76,100,5.12,RU,2022-04-18 05:41:00
364,Ostrovnoy,68.0531,39.5131,33.89,93,100,6.8,RU,2022-04-18 05:41:01
365,Shiyan,32.6475,110.7781,70.41,27,100,12.5,CN,2022-04-18 05:41:02
366,Chapleau,47.8405,-83.4034,24.35,95,75,3.6,CA,2022-04-18 05:42:03
367,Hasaki,35.7333,140.8333,61.29,72,100,12.64,JP,2022-04-18 05:42:03
368,Belmonte,-15.8631,-38.8828,76.12,79,100,12.35,BR,2022-04-18 05:42:04
369,Nanakuli,21.3906,-158.1547,75.15,78,100,10.36,US,2022-04-18 05:42:05
370,Qinhuangdao,39.9317,119.5883,61.74,33,30,13.09,CN,2022-04-18 05:42:05
371,Umm Lajj,25.0213,37.2685,89.2,23,39,5.46,SA,2022-04-18 05:42:06
372,Labuhan,-6.8844,112.2051,87.91,62,71,5.48,ID,2022-04-18 05:42:07
373,Kelvington,52.1667,-103.5343,3.52,98,73,3.11,CA,2022-04-18 05:42:07
374,Namtsy,62.7161,129.6658,35.26,73,100,14.83,RU,2022-04-18 05:42:08
375,Floro,61.5996,5.0328,48.96,87,0,8.05,NO,2022-04-18 05:42:08
376,Dossor,47.5272,52.9811,66.34,35,51,5.79,KZ,2022-04-18 05:42:10
377,Varnamo,57.186,14.04,39.27,66,71,2.46,SE,2022-04-18 05:42:10
378,Ambulu,-8.345,113.6058,84.67,74,96,3.33,ID,2022-04-18 05:42:14
379,Liwale,-9.7667,37.9333,74.21,89,38,8.1,TZ,2022-04-18 05:42:15
380,Shibetsu,43.659,145.132,57.9,47,75,11.5,JP,2022-04-18 05:42:15
381,Palmer,42.1584,-72.3287,37.81,84,0,3.44,US,2022-04-18 05:42:16
382,Ciudad Bolivar,8.1222,-63.5497,78.35,64,70,11.39,VE,2022-04-18 05:42:17
383,Petropavlovsk-Kamchatskiy,53.0452,158.6483,39.79,36,20,13.42,RU,2022-04-18 05:42:18
384,Morehead,37.2711,-87.1764,44.35,85,100,5.75,US,2022-04-18 05:42:18
385,Arica,-18.475,-70.3042,61.03,67,75,6.91,CL,2022-04-18 05:39:30
386,Kjollefjord,70.9457,27.3465,44.65,96,100,15.1,NO,2022-04-18 05:42:19
387,Saint Anthony,45.0205,-93.218,35.24,90,100,11.5,US,2022-04-18 05:38:41
388,Hami,42.8,93.45,68.38,9,0,2.71,CN,2022-04-18 05:42:21
389,Tiruchchendur,8.4833,78.1167,91.69,60,41,3.65,IN,2022-04-18 05:42:21
390,Kilvelur,10.7672,79.7419,96.28,41,55,7.11,IN,2022-04-18 05:42:23
391,Soe,-9.8607,124.284,80.4,62,79,5.01,ID,2022-04-18 05:42:24
392,Talcahuano,-36.7167,-73.1167,49.68,100,100,3.44,CL,2022-04-18 05:42:24
393,Dingle,10.9995,122.6711,86.2,61,39,14.52,PH,2022-04-18 05:42:25
394,Saint-Leu,-21.15,55.2833,82.31,74,3,6.69,RE,2022-04-18 05:42:26
395,Abomsa,9.9833,39.9833,82.38,34,33,6.93,ET,2022-04-18 05:42:26
396,Atambua,-9.1061,124.8925,82.65,71,100,1.39,ID,2022-04-18 05:42:27
397,Lorengau,-2.0226,147.2712,84.15,75,76,7.14,PG,2022-04-18 05:42:27
398,Gamba,-2.65,10.0,76.87,91,100,2.28,GA,2022-04-18 05:42:28
399,San Quintin,30.4833,-115.95,58.35,90,4,12.01,MX,2022-04-18 05:42:29
400,Baracoa,20.3467,-74.4958,74.37,84,100,2.17,CU,2022-04-18 05:42:30
401,Tucuman,-26.8241,-65.2226,57.2,94,0,5.75,AR,2022-04-18 05:40:14
402,Kulhudhuffushi,6.6221,73.07,84.18,73,87,7.45,MV,2022-04-18 05:42:32
403,Moose Jaw,50.4001,-105.5344,23.25,80,71,6.91,CA,2022-04-18 05:39:36
404,Kysyl-Syr,63.8986,122.7617,32.76,100,100,8.57,RU,2022-04-18 05:42:33
405,Masvingo,-20.0637,30.8277,60.91,94,100,2.95,ZW,2022-04-18 05:42:34
406,La Rioja,42.25,-2.5,44.38,83,61,3.96,ES,2022-04-18 05:42:35
407,Sudzha,51.1976,35.2726,37.62,96,100,3.18,RU,2022-04-18 05:42:36
408,Yongchang,30.0381,119.7317,56.28,75,100,2.75,CN,2022-04-18 05:42:37
409,Singaraja,-8.112,115.0882,84.97,75,100,3.15,ID,2022-04-18 05:40:25
410,Sao Joao Da Barra,-21.6403,-41.0511,66.9,84,2,9.55,BR,2022-04-18 05:42:38
411,Juegang,32.3174,121.1855,62.49,49,90,3.96,CN,2022-04-18 05:42:38
412,Novyy Urengoy,66.0833,76.6333,18.86,83,100,13.71,RU,2022-04-18 05:38:51
413,Kamenka,51.3223,42.7678,58.21,61,100,9.82,RU,2022-04-18 05:42:40
414,Phetchabun,16.25,101.0833,89.87,45,54,8.88,TH,2022-04-18 05:42:42
415,Hamilton,39.1834,-84.5333,44.74,55,0,8.05,US,2022-04-18 05:43:31
416,Onguday,50.75,86.15,63.45,22,99,2.51,RU,2022-04-18 05:43:43
417,Karratha,-20.7377,116.8463,96.4,26,19,16.64,AU,2022-04-18 05:43:43
418,Flin Flon,54.7682,-101.865,19.11,95,86,2.68,CA,2022-04-18 05:43:43
419,Byron Bay,-28.65,153.6167,75.09,65,51,7.0,AU,2022-04-18 05:43:45
420,Saint George,37.1041,-113.5841,66.79,19,0,3.44,US,2022-04-18 05:43:46
421,Komsomolskiy,40.4272,71.7189,79.52,27,38,9.22,UZ,2022-04-18 05:43:46
422,Andalucia,4.1706,-76.1664,66.92,96,100,0.54,CO,2022-04-18 05:43:47
423,Solwezi,-12.1688,26.3894,63.79,91,28,6.46,ZM,2022-04-18 05:43:48
424,Casper,42.8666,-106.3131,29.71,71,40,8.05,US,2022-04-18 05:39:03
425,Madimba,-10.4,40.3333,78.39,89,66,10.27,TZ,2022-04-18 05:43:48
426,Suez,29.9737,32.5263,78.46,28,96,9.6,EG,2022-04-18 05:43:49
427,Klyuchi,52.2667,79.1667,66.7,37,100,9.71,RU,2022-04-18 05:43:50
428,Dingzhou,38.5131,114.9956,69.91,24,100,9.28,CN,2022-04-18 05:43:50
429,Lompoc,34.6391,-120.4579,51.57,85,0,23.0,US,2022-04-18 05:43:51
430,Nardaran,40.5561,50.0056,56.84,72,0,18.41,AZ,2022-04-18 05:43:52
431,Boddam,57.4667,-1.7833,48.58,93,96,16.35,GB,2022-04-18 05:43:53
432,Toora-Khem,52.4675,96.11,58.42,40,100,2.33,RU,2022-04-18 05:43:53
433,Progreso,21.2833,-89.6667,78.91,80,0,10.54,MX,2022-04-18 05:43:55
434,Asau,46.4333,26.4,31.28,54,40,8.66,RO,2022-04-18 05:43:56
435,Huanren,41.2647,125.3667,63.19,20,11,8.1,CN,2022-04-18 05:43:56
436,Tomatlan,19.9333,-105.25,66.96,91,87,2.91,MX,2022-04-18 05:43:57
437,Nandura,20.8333,76.45,102.99,12,0,9.37,IN,2022-04-18 05:43:57
438,Husavik,66.0449,-17.3389,38.39,99,100,3.0,IS,2022-04-18 05:43:58
439,Lucea,18.451,-78.1736,76.86,76,0,1.01,JM,2022-04-18 05:43:59
440,Stephenville,32.2207,-98.2023,60.93,54,0,0.0,US,2022-04-18 05:39:26
441,Yayva,59.3303,57.2641,38.7,54,52,3.62,RU,2022-04-18 05:43:59
442,Virginia Beach,36.8529,-75.978,52.02,64,69,3.0,US,2022-04-18 05:43:47
443,Paita,-5.0892,-81.1144,67.82,78,65,12.21,PE,2022-04-18 05:44:04
444,Wana,32.2989,69.5725,82.69,17,94,13.09,PK,2022-04-18 05:44:04
445,Kahului,20.8947,-156.47,75.22,76,20,17.27,US,2022-04-18 05:44:05
446,Aksarka,66.5606,67.7975,28.67,88,100,15.39,RU,2022-04-18 05:44:06
447,Te Anau,-45.4167,167.7167,55.33,76,68,4.41,NZ,2022-04-18 05:44:06
448,Nishihara,26.1842,127.7558,74.86,63,75,6.91,JP,2022-04-18 05:44:07
449,Jutai,-5.1833,-68.9,72.81,100,100,1.66,BR,2022-04-18 05:44:07
450,Abaza,52.655,90.0928,67.48,25,78,11.88,RU,2022-04-18 05:44:08
451,Port Blair,11.6667,92.75,87.84,66,20,8.05,IN,2022-04-18 05:44:09
452,Ulety,51.3572,112.4849,66.9,23,100,15.55,RU,2022-04-18 05:44:09
453,Korba,22.35,82.6833,107.17,8,0,7.72,IN,2022-04-18 05:44:10
454,Tutoia,-2.7619,-42.2744,76.05,91,96,4.54,BR,2022-04-18 05:44:11
455,Qidong,31.8128,121.6561,61.14,49,90,3.0,CN,2022-04-18 05:44:11
456,Tautira,-17.7333,-149.15,80.38,75,23,8.32,PF,2022-04-18 05:44:12
457,San Andres,12.5847,-81.7006,80.62,78,20,8.05,CO,2022-04-18 05:40:13
458,Wajir,1.7471,40.0573,83.28,65,93,13.47,KE,2022-04-18 05:44:15
459,Port Hedland,-20.3167,118.5667,102.25,14,12,18.41,AU,2022-04-18 05:44:15
460,Barcelos,41.5388,-8.6151,55.92,88,0,5.75,PT,2022-04-18 05:44:17
461,Tezu,27.9167,96.1667,70.72,78,99,2.82,IN,2022-04-18 05:45:18
462,Port-Gentil,-0.7193,8.7815,76.96,94,20,2.3,GA,2022-04-18 05:45:18
463,Manavalakurichi,8.1333,77.3,88.72,62,38,11.97,IN,2022-04-18 05:45:19
464,Koping,59.514,15.9926,50.18,60,100,3.6,SE,2022-04-18 05:45:20
465,Tiarei,-17.5333,-149.3333,80.62,74,16,8.48,PF,2022-04-18 05:45:20
466,Lagoa,39.05,-27.9833,56.79,66,30,15.5,PT,2022-04-18 05:45:21
467,Hovd,48.0056,91.6419,62.22,7,42,1.39,MN,2022-04-18 05:44:46
468,Sistranda,63.7256,8.834,44.56,78,98,7.0,NO,2022-04-18 05:45:23
469,Chuncheng,22.1731,111.7886,66.27,85,100,6.64,CN,2022-04-18 05:45:24
470,Rundu,-17.9333,19.7667,66.25,88,67,4.9,NA,2022-04-18 05:45:25
471,Ikalamavony,-21.15,46.5833,74.39,62,4,3.15,MG,2022-04-18 05:45:27
472,Lilongwe,-13.9669,33.7873,68.2,94,20,6.91,MW,2022-04-18 05:45:28
473,Neiafu,-18.65,-173.9833,83.08,83,75,5.75,TO,2022-04-18 05:45:29
474,Vostok,46.4856,135.8833,40.73,44,100,11.68,RU,2022-04-18 05:45:30
475,Tayu,-6.5397,111.0518,88.97,58,27,5.97,ID,2022-04-18 05:45:31
476,Ginda,30.6945,78.4932,82.74,13,1,7.85,IN,2022-04-18 05:45:31
477,Sorong,-0.8833,131.25,85.71,71,74,12.37,ID,2022-04-18 05:45:32
478,Marystown,47.1666,-55.1483,34.63,96,100,13.4,CA,2022-04-18 05:45:33
479,Inongo,-1.95,18.2667,73.63,91,97,4.0,CD,2022-04-18 05:45:33
480,Zyryanovsk,49.7386,84.2719,53.33,53,74,0.94,KZ,2022-04-18 05:45:34
481,Okha,53.5739,142.9478,32.7,68,41,5.75,RU,2022-04-18 05:45:35
482,Playa Vicente,17.8333,-95.8167,78.6,64,8,0.89,MX,2022-04-18 05:45:35
483,Vaitape,-16.5167,-151.75,81.18,74,13,10.18,PF,2022-04-18 05:45:21
484,Ghorawal,24.7667,82.7833,106.63,7,0,9.93,IN,2022-04-18 05:45:36
485,Vorukh,39.8494,70.5838,71.76,29,57,5.32,TJ,2022-04-18 05:45:37
486,Baoqing,46.3317,132.2111,52.9,20,44,10.25,CN,2022-04-18 05:45:39
487,Pathein,16.7833,94.7333,100.9,28,0,12.15,MM,2022-04-18 05:45:39
488,Oistins,13.0667,-59.5333,78.89,78,20,17.27,BB,2022-04-18 05:45:41
489,Vuktyl,63.8567,57.3094,33.57,88,71,8.97,RU,2022-04-18 05:45:42
490,Yumen,40.2833,97.2,59.14,12,0,10.22,CN,2022-04-18 05:45:43
491,Olafsvik,64.8945,-23.7142,41.67,72,98,10.4,IS,2022-04-18 05:45:43
492,Alofi,-19.0595,-169.9187,80.49,78,75,3.44,NU,2022-04-18 05:45:30
493,Aitape,-3.1374,142.3475,83.3,76,71,2.98,PG,2022-04-18 05:45:44
494,Hobyo,5.3505,48.5268,86.43,63,100,9.57,SO,2022-04-18 05:45:45
495,Pierre,44.3683,-100.351,33.06,78,0,15.01,US,2022-04-18 05:45:45
496,Victor Harbor,-35.5667,138.6167,59.68,84,100,11.92,AU,2022-04-18 05:45:46
497,Aswan,24.0934,32.907,79.9,12,0,2.3,EG,2022-04-18 05:45:47
498,Oriximina,-1.7656,-55.8661,74.08,98,100,4.41,BR,2022-04-18 05:45:47
499,Saint-Paul,-21.0096,55.2707,83.35,73,4,3.53,RE,2022-04-18 05:45:48
500,Anniston,33.6598,-85.8316,63.97,94,40,0.0,US,2022-04-18 05:44:55
501,Saint-Ambroise,48.5501,-71.3324,30.58,69,48,16.11,CA,2022-04-18 05:45:49
502,Surgana,20.5667,73.6167,92.17,26,0,8.43,IN,2022-04-18 05:45:49
503,Pascagoula,30.3658,-88.5561,68.04,100,75,12.12,US,2022-04-18 05:45:50
504,Cabaiguan,22.0789,-79.4992,70.18,86,43,2.8,CU,2022-04-18 05:45:50
505,Vestmanna,62.1564,-7.1664,43.72,93,100,25.32,FO,2022-04-18 05:45:51
506,Shingu,33.7333,135.9833,65.8,78,100,5.73,JP,2022-04-18 05:41:09
507,Olden,61.8364,6.8064,41.74,72,91,5.66,NO,2022-04-18 05:45:52
508,Conde,-7.2597,-34.9075,74.66,100,40,2.3,BR,2022-04-18 05:45:53
509,Bandarbeyla,9.4942,50.8122,86.25,64,15,11.72,SO,2022-04-18 05:45:53
510,Srandakan,-7.9386,110.2506,87.4,68,84,7.23,ID,2022-04-18 05:46:54
511,Sterling,39.0062,-77.4286,45.39,52,40,5.99,US,2022-04-18 05:46:54
512,Bac Lieu,9.285,105.7244,87.85,63,65,18.05,VN,2022-04-18 05:46:55
513,Mutsu,41.2894,141.2169,56.14,44,100,5.86,JP,2022-04-18 05:46:56
514,Coquimbo,-29.9533,-71.3436,55.13,94,100,2.3,CL,2022-04-18 05:46:30
515,Mehamn,71.0357,27.8492,40.71,95,100,17.96,NO,2022-04-18 05:46:59
516,Isangel,-19.55,169.2667,80.82,79,100,7.67,VU,2022-04-18 05:47:01
517,Prado,-17.3411,-39.2208,73.04,81,95,8.34,BR,2022-04-18 05:45:07
518,Izumo,35.3667,132.7667,71.55,24,75,11.5,JP,2022-04-18 05:47:02
519,Yazman,29.1212,71.7446,102.07,15,42,11.95,PK,2022-04-18 05:47:03
520,Mmabatho,-25.85,25.6333,53.56,94,75,1.14,ZA,2022-04-18 05:47:04
521,Makushino,55.2103,67.2442,46.67,42,89,7.18,RU,2022-04-18 05:47:04
522,Chumikan,54.7183,135.315,37.27,85,9,7.34,RU,2022-04-18 05:47:05
523,High Level,58.5169,-117.136,10.51,79,0,8.05,CA,2022-04-18 05:45:06
524,Keti Bandar,24.1447,67.4497,86.9,64,12,13.58,PK,2022-04-18 05:47:07
525,Richards Bay,-28.783,32.0377,63.84,94,100,2.33,ZA,2022-04-18 05:47:07
526,Dubbo,-32.25,148.6167,78.93,38,100,9.22,AU,2022-04-18 05:47:09
527,Primo Tapia,32.22,-116.9172,58.64,74,0,8.41,MX,2022-04-18 05:47:09
528,Hazorasp,41.3194,61.0742,58.84,41,100,12.46,UZ,2022-04-18 05:47:10
529,Itoman,26.1247,127.6694,75.58,60,75,6.91,JP,2022-04-18 05:47:11
530,Nome,64.5011,-165.4064,33.87,75,100,14.97,US,2022-04-18 05:47:12
531,Kurumkan,54.3,110.3,60.44,43,56,12.12,RU,2022-04-18 05:47:13
532,Issaquah,47.5301,-122.0326,53.49,45,0,6.91,US,2022-04-18 05:44:44
533,Bam,29.106,58.357,73.13,27,1,13.0,IR,2022-04-18 05:47:13
534,Canto Do Buriti,-8.11,-42.9444,71.33,98,100,2.21,BR,2022-04-18 05:47:14
535,Bauchi,10.5,10.0,75.56,76,100,11.9,NG,2022-04-18 05:47:15
536,Rovinj,45.08,13.64,49.82,48,30,6.58,HR,2022-04-18 05:43:50
537,Bukene,-4.2333,32.8833,69.46,80,91,8.05,TZ,2022-04-18 05:47:17
538,Kargil,34.5667,76.1,42.78,36,0,1.95,IN,2022-04-18 05:47:17
539,Shitanjing,39.2342,106.3439,53.15,21,0,10.74,CN,2022-04-18 05:47:19
540,Samarinda,-0.5,117.15,87.31,70,78,3.47,ID,2022-04-18 05:47:19
541,Uruacu,-14.5247,-49.1408,69.39,88,58,2.48,BR,2022-04-18 05:47:20
542,Sayyan,15.1718,44.3244,70.0,20,2,8.55,YE,2022-04-18 05:47:20
543,Belyy Yar,53.6039,91.3903,67.86,23,0,6.71,RU,2022-04-18 05:47:21
544,Nichinan,31.6,131.3667,65.88,48,98,6.11,JP,2022-04-18 05:47:22
545,Krasnoselkup,65.7,82.4667,22.23,78,100,15.95,RU,2022-04-18 05:47:22
546,Feltre,46.0235,11.907,47.75,73,87,1.01,IT,2022-04-18 05:47:23
547,Rosarito,32.3333,-117.0333,59.41,75,0,8.77,MX,2022-04-18 05:44:03
548,Imbituba,-28.24,-48.6703,65.86,81,36,2.57,BR,2022-04-18 05:45:25
549,Mikkeli,61.6886,27.2723,42.15,87,0,3.44,FI,2022-04-18 05:47:24
550,Ayan,56.45,138.1667,30.65,92,50,11.41,RU,2022-04-18 05:47:25
551,Bagula,23.3167,88.65,103.87,23,6,7.54,IN,2022-04-18 05:47:25
552,Purpe,64.4803,76.6897,23.97,84,92,16.96,RU,2022-04-18 05:47:26
553,Acarau,-2.8856,-40.12,77.22,87,59,5.06,BR,2022-04-18 05:47:26
554,Sarishabari,24.7333,89.8333,88.14,62,79,1.57,BD,2022-04-18 05:47:27
555,Villa Carlos Paz,-31.4241,-64.4978,57.4,50,0,5.99,AR,2022-04-18 05:47:27
556,Tambacounda,13.7539,-13.7586,81.3,19,71,5.1,SN,2022-04-18 05:47:28
557,Fare,-16.7,-151.0167,81.01,74,6,9.98,PF,2022-04-18 05:47:29
558,Pangai,-19.8,-174.35,82.51,78,75,8.05,TO,2022-04-18 05:48:30
559,Lodja,-3.4833,23.4333,75.79,79,91,2.15,CD,2022-04-18 05:48:31
560,Akcakoca,41.0866,31.1162,50.18,93,100,2.66,TR,2022-04-18 05:48:32
561,Sergeyevka,53.88,67.4158,50.77,40,100,8.23,KZ,2022-04-18 05:48:32
562,Emerald,-23.5333,148.1667,86.14,28,0,10.36,AU,2022-04-18 05:48:33
563,Ullapool,57.8987,-5.1604,50.34,91,99,9.06,GB,2022-04-18 05:48:33
564,Yenagoa,4.9247,6.2642,76.3,94,100,3.06,NG,2022-04-18 05:48:34
